"pl_category","sk_category"
"Opony > Szosa","Pneumatiky > Cestné pneumatiky"
"Układ hamulcowy > Klocki i szczęki hamulcowe > Klocki hamulcowe","Brzdový systém > Brzdové doštičky a čeľuste > Brzdové doštičky"
"Filtry > Filtry powietrza","Filtre > Filtry powietrza"
"Układ napędowy > Zębatki tył > Stalowe","Pohon > Zębatki tył > Stalowe"
"Układ napędowy > Zębatki przód","Pohon > Zębatki przód"
"Układ napędowy > Zestawy kompletne","Pohon > Zestawy kompletne"
"Opony > Skuter","Pneumatiky > Skútrové pneumatiky"
"Silnik > Uszczelki i uszczelniacze > Komplet uszczelek top end > Standard","Motor > Uszczelki i uszczelniacze > Komplet uszczelek top end > Standard"
"Buty motocyklowe > Buty offroad","Moto obuv > Off-road čižmy"
"Odzież i ochraniacze > Odzież offroad > Rękawice offroad","Oblečenie a ochranné vybavenie > Off-road oblečenie > Off-road rukavice"
"Układ elektryczny > Świece i fajki > Świece","Elektroinštalácia > Świece i fajki > Świece"
"Silnik > Uszczelki i uszczelniacze > Pojedyncze uszczelki > Uszczelka pokrywy sprzęgła","Motor > Uszczelki i uszczelniacze > Pojedyncze uszczelki > Uszczelka pokrywy sprzęgła"
"Układ hamulcowy > Zaciski hamulcowe > Komplety naprawcze zacisku","Brzdový systém > Brzdové strmene > Opravné sady brzdového strmeňa"
"Opony > Offroad","Pneumatiky > Off-road pneumatiky"
"Silnik > Tłoki-Pierścienie-Sworznie > Tłoki do silników 2T","Motor > Tłoki-Pierścienie-Sworznie > Tłoki do silników 2T"
"Układ hamulcowy > Tarcze hamulcowe > Przód","Brzdový systém > Brzdové kotúče > Predné"
"Silnik > Tłoki-Pierścienie-Sworznie > Tłoki do silników 4T","Motor > Tłoki-Pierścienie-Sworznie > Tłoki do silników 4T"
"Silnik > Uszczelki i uszczelniacze > Pojedyncze uszczelki > Uszczelki alternatora","Motor > Uszczelki i uszczelniacze > Pojedyncze uszczelki > Uszczelki alternatora"
"Opony > Dual offroad/szosa","Pneumatiky > Dual-sport pneumatiky"
"Nadwozie > Linki > Linki gazu","Karoséria a rám > Linki > Linki gazu"
"Nadwozie > Linki > Linki sprzęgła","Karoséria a rám > Linki > Linki sprzęgła"
"Nadwozie > Lusterka > Wzór oryginału","Karoséria a rám > Lusterka > Wzór oryginału"
"Układ paliwowy > Zestawy naprawcze i części gaźników > Zestawy naprawcze gaźnika","Palivový systém > Zestawy naprawcze i części gaźników > Zestawy naprawcze gaźnika"
"Kaski i gogle > Integralne","Prilby a okuliare > Integrálne prilby"
"Kaski i gogle > Crossowe","Prilby a okuliare > Motokrosové prilby"
"Układ elektryczny > Regulatory napięcia","Elektroinštalácia > Regulatory napięcia"
"Odzież i ochraniacze > Odzież offroad > Koszulka offroad","Oblečenie a ochranné vybavenie > Off-road oblečenie > Off-road dresy"
"Nadwozie > Rolgazy i manetki > Manetki > Off road","Karoséria a rám > Rolgazy i manetki > Manetki > Off road"
"Zawieszenie i układ kierowniczy > Przód > Uszczelniacze zawieszenia > Olejowe","Odpruženie a riadenie > Predné > Uszczelniacze zawieszenia > Olejowe"
"Układ hamulcowy > Tarcze hamulcowe > Tył","Brzdový systém > Brzdové kotúče > Zadné"
"Filtry > Filtry oleju","Filtre > Filtry oleju"
"Kaski i gogle > Części do kasków","Prilby a okuliare > Diely k prilbám"
"Zawieszenie i układ kierowniczy > Łożyska kół > Łożyska kół przód","Odpruženie a riadenie > Łożyska kół > Łożyska kół przód"
"Silnik > Sprzęgło > Tarcze sprzęgłowe","Motor > Sprzęgło > Tarcze sprzęgłowe"
"Kaski i gogle > Szczękowe","Prilby a okuliare > Výklopné prilby"
"Kaski i gogle > Otwarte JET","Prilby a okuliare > Otvorené prilby JET"
"Oleje i chemia > Chemia i środki pielęgnacyjne","Oleje a chémia > Chemia i środki pielęgnacyjne"
"Odzież i ochraniacze > Odzież offroad > Spodnie offroad","Oblečenie a ochranné vybavenie > Off-road oblečenie > Off-road nohavice"
"Zawieszenie i układ kierowniczy > Łożyska kół > Łożyska kół tył","Odpruženie a riadenie > Łożyska kół > Łożyska kół tył"
"Silnik > Rozrząd > Łańcuchy rozrządu","Motor > Rozrząd > Łańcuchy rozrządu"
"Odzież i ochraniacze > Odzież codzienna > T-Shirt","Oblečenie a ochranné vybavenie > Voľnočasové oblečenie > T-Shirt"
"Silnik > Płytki zaworowe > Średnica 7,48mm","Motor > Płytki zaworowe > Średnica 7,48mm"
"Silnik > Uszczelki i uszczelniacze > Pojedyncze uszczelki > Uszczelniacze silnikowe","Motor > Uszczelki i uszczelniacze > Pojedyncze uszczelki > Uszczelniacze silnikowe"
"Nadwozie > Dźwignie sprzęgła i hamulca > Dźwignie sprzęgła > Standard","Karoséria a rám > Dźwignie sprzęgła i hamulca > Dźwignie sprzęgła > Standard"
"Oleje i chemia > Oleje silnikowe 4T > Motocykle i quady","Oleje a chémia > Oleje silnikowe 4T > Motocykle i quady"
"Nadwozie > Dźwignie sprzęgła i hamulca > Dźwignie hamulca > Standard","Karoséria a rám > Dźwignie sprzęgła i hamulca > Dźwignie hamulca > Standard"
"Układ napędowy > Łańcuchy napędowe > 520 > Z uszczelnieniem","Pohon > Łańcuchy napędowe > 520 > Z uszczelnieniem"
"Kaski i gogle > Gogle","Prilby a okuliare > Moto okuliare"
"Układ paliwowy > Zestawy naprawcze i części gaźników > Dysze","Palivový systém > Zestawy naprawcze i części gaźników > Dysze"
"Odzież i ochraniacze > Odzież szosowa > Rękawice motocyklowe > Rękawice skórzane","Oblečenie a ochranné vybavenie > Cestné moto oblečenie > Moto rukavice > Kožené rukavice"
"Kaski i gogle > Kaski dual","Prilby a okuliare > Dual-sport prilby"
"Silnik > Uszczelki i uszczelniacze > Pojedyncze uszczelki > Uszczelki pokrywy zaworowej > Athena","Motor > Uszczelki i uszczelniacze > Pojedyncze uszczelki > Uszczelki pokrywy zaworowej > Athena"
"Silnik > Uszczelki i uszczelniacze > Pojedyncze uszczelki > Uszczelka kolektora wydechowego","Motor > Uszczelki i uszczelniacze > Pojedyncze uszczelki > Uszczelka kolektora wydechowego"
"Silnik > Uszczelki i uszczelniacze > Komplet uszczelek > Namura","Motor > Uszczelki i uszczelniacze > Komplet uszczelek > Namura"
"Silnik > Sprzęgło > Sprzęgła kompletne","Motor > Sprzęgło > Sprzęgła kompletne"
"Kaski i gogle > Akcesoria do gogli","Prilby a okuliare > Príslušenstvo k okuliarom"
"Silnik > Sprzęgło > Sprężyny sprzęgłowe","Motor > Sprzęgło > Sprężyny sprzęgłowe"
"Zawieszenie i układ kierowniczy > Tył > Zestawy naprawcze przegubu wahacza","Odpruženie a riadenie > Zadné > Zestawy naprawcze przegubu wahacza"
"Nadwozie > Dźwignie zmiany biegów > Aluminiowe","Karoséria a rám > Dźwignie zmiany biegów > Aluminiowe"
"Silnik > Uszczelki i uszczelniacze > Komplet uszczelek > Athena","Motor > Uszczelki i uszczelniacze > Komplet uszczelek > Athena"
"Zawieszenie i układ kierowniczy > Tył > Zestawy naprawcze wahacza","Odpruženie a riadenie > Zadné > Zestawy naprawcze wahacza"
"Układ napędowy > Zapinki, zakuwki i ogniwa łączące > Zapinki","Pohon > Zapinki, zakuwki i ogniwa łączące > Zapinki"
"Zawieszenie i układ kierowniczy > Przód > Tulejki (panewki) zawieszenia > Komplety tulejek","Odpruženie a riadenie > Predné > Tulejki (panewki) zawieszenia > Komplety tulejek"
"Zawieszenie i układ kierowniczy > Przód > Uszczelniacze zawieszenia > Pyłowe","Odpruženie a riadenie > Predné > Uszczelniacze zawieszenia > Pyłowe"
"Odzież i ochraniacze > Odzież szosowa > Kurtki motocyklowe > Kurtki krótkie tekstylne","Oblečenie a ochranné vybavenie > Cestné moto oblečenie > Moto bundy > Krátke textilné bundy"
"Odzież i ochraniacze > Odzież szosowa > Kurtki motocyklowe > Kurtki długie tekstylne","Oblečenie a ochranné vybavenie > Cestné moto oblečenie > Moto bundy > Dlhé textilné bundy"
"Silnik > Tłoki-Pierścienie-Sworznie > Pierścienie do tłoków 4T","Motor > Tłoki-Pierścienie-Sworznie > Pierścienie do tłoków 4T"
"Zawieszenie i układ kierowniczy > Przód > Łożyska główki ramy","Odpruženie a riadenie > Predné > Łożyska główki ramy"
"Zawieszenie i układ kierowniczy > Przód > Uszczelniacze zawieszenia > Komplety","Odpruženie a riadenie > Predné > Uszczelniacze zawieszenia > Komplety"
"Układ napędowy > Łańcuchy napędowe > 525 > Z uszczelnieniem","Pohon > Łańcuchy napędowe > 525 > Z uszczelnieniem"
"Silnik > Uszczelki i uszczelniacze > Komplet uszczelek > OMP","Motor > Uszczelki i uszczelniacze > Komplet uszczelek > OMP"
"Silnik > Płytki zaworowe > Średnica 9,48mm","Motor > Płytki zaworowe > Średnica 9,48mm"
"Układ elektryczny > Akumulatory > 12V > Bezobsługowe","Elektroinštalácia > Akumulatory > 12V > Bezobsługowe"
"Odzież i ochraniacze > Odzież offroad > Kurtki offroad","Oblečenie a ochranné vybavenie > Off-road oblečenie > Off-road bundy"
"Odzież i ochraniacze > Odzież codzienna > Bluzy","Oblečenie a ochranné vybavenie > Voľnočasové oblečenie > Mikiny"
"Nadwozie > Rolgazy i manetki > Manetki > Szosowe","Karoséria a rám > Rolgazy i manetki > Manetki > Szosowe"
"Buty motocyklowe > Buty szosowe krótkie","Moto obuv > Krátke cestné moto topánky"
"Silnik > Uszczelki i uszczelniacze > Uszczelniacze zaworowe > Athena","Motor > Uszczelki i uszczelniacze > Uszczelniacze zaworowe > Athena"
"Układ hamulcowy > Pompa hamulcowa > Zestawy naprawcze pomp hamulcowych > Przód","Brzdový systém > Hlavný brzdový valec > Opravné sady hlavného brzdového valca > Predné"
"Nadwozie > Plastiki > Osłona rąk + mocowanie","Karoséria a rám > Plastiki > Osłona rąk + mocowanie"
"Buty motocyklowe > Buty szosowe długie","Moto obuv > Dlhé cestné moto čižmy"
"Układ napędowy > Łańcuchy napędowe > 530 > Z uszczelnieniem","Pohon > Łańcuchy napędowe > 530 > Z uszczelnieniem"
"Nadwozie > Plastiki > Prowadnica łańcucha","Karoséria a rám > Plastiki > Prowadnica łańcucha"
"Odzież i ochraniacze > Odzież szosowa > Spodnie motocyklowe > Spodnie tekstylne","Oblečenie a ochranné vybavenie > Cestné moto oblečenie > Moto nohavice > Textilné nohavice"
"Zawieszenie i układ kierowniczy > Przód > Końcówki drążka kierowniczego","Odpruženie a riadenie > Predné > Końcówki drążka kierowniczego"
"Układ elektryczny > Rozruszniki > Przekaźnik rozrusznika","Elektroinštalácia > Rozruszniki > Przekaźnik rozrusznika"
"Odzież i ochraniacze > Odzież przeciwdeszczowa","Oblečenie a ochranné vybavenie > Nepremokavé oblečenie"
"Odzież i ochraniacze > Odzież szosowa > Rękawice motocyklowe > Rękawice tekstylne","Oblečenie a ochranné vybavenie > Cestné moto oblečenie > Moto rukavice > Textilné rukavice"
"Układ napędowy > Półosie napędowe","Pohon > Półosie napędowe"
"Silnik > Sprzęgło > Przekładki tarcz sprzęgłowych","Motor > Sprzęgło > Przekładki tarcz sprzęgłowych"
"Silnik > Zawory > Zawory ssące","Motor > Zawory > Zawory ssące"
"Nadwozie > Plastiki > Ślizg łańcucha","Karoséria a rám > Plastiki > Ślizg łańcucha"
"Zawieszenie i układ kierowniczy > Tył > Zestaw naprawczy zawieszenia","Odpruženie a riadenie > Zadné > Zestaw naprawczy zawieszenia"
"Nadwozie > Plastiki > Osłona ramy","Karoséria a rám > Plastiki > Osłona ramy"
"Układ napędowy > Zębatki tył > Aluminiowe","Pohon > Zębatki tył > Aluminiowe"
"Silnik > Układ wydechowy > Akcesoria do wydechów","Motor > Układ wydechowy > Akcesoria do wydechów"
"Silnik > Łożysko główki korbowodu","Motor > Łożysko główki korbowodu"
"Układ paliwowy > Pompa paliwa i zestawy naprawcze","Palivový systém > Pompa paliwa i zestawy naprawcze"
"Filtry > Pokrywy i osłony filtrów","Filtre > Pokrywy i osłony filtrów"
"Opony > Oldtimer","Pneumatiky > Veteránske pneumatiky"
"Układ paliwowy > Zestawy naprawcze kraników","Palivový systém > Zestawy naprawcze kraników"
"Silnik > Tłoki-Pierścienie-Sworznie > Pierścienie do tłoków 2T","Motor > Tłoki-Pierścienie-Sworznie > Pierścienie do tłoków 2T"
"Zawieszenie i układ kierowniczy > Tył > Łożyska amortyzatora centralnego","Odpruženie a riadenie > Zadné > Łożyska amortyzatora centralnego"
"Silnik > Wały korbowe > Łożyska z uszczelniaczami","Motor > Wały korbowe > Łożyska z uszczelniaczami"
"Opony > ATV","Pneumatiky > ATV pneumatiky"
"Zawieszenie i układ kierowniczy > Przód > Rury teleskopów + Golenie amortyzatorów","Odpruženie a riadenie > Predné > Rury teleskopów + Golenie amortyzatorów"
"Układ napędowy > Zestawy naprawcze wałka zdawczego","Pohon > Zestawy naprawcze wałka zdawczego"
"Układ elektryczny > Uzwojenia (statory) i wirniki","Elektroinštalácia > Uzwojenia (statory) i wirniki"
"Układ napędowy > Łańcuchy napędowe > 428 > Bez uszczelnień","Pohon > Łańcuchy napędowe > 428 > Bez uszczelnień"
"Układ napędowy > Zapinki, zakuwki i ogniwa łączące > Zakuwki","Pohon > Zapinki, zakuwki i ogniwa łączące > Zakuwki"
"Układ paliwowy > Zestawy naprawcze i części gaźników > Uszczelki komory pływakowej","Palivový systém > Zestawy naprawcze i części gaźników > Uszczelki komory pływakowej"
"Nadwozie > Plastiki > Błotnik tylny","Karoséria a rám > Plastiki > Błotnik tylny"
"Silnik > Uszczelki i uszczelniacze > Pojedyncze uszczelki > Uszczelka tłumika","Motor > Uszczelki i uszczelniacze > Pojedyncze uszczelki > Uszczelka tłumika"
"Odzież i ochraniacze > Ochraniacze > Ochraniacze klatki piersiowej","Oblečenie a ochranné vybavenie > Chrániče > Chrániče hrudníka"
"Nadwozie > Plastiki > Komplety plastików","Karoséria a rám > Plastiki > Komplety plastików"
"Układ napędowy > Łańcuchy napędowe > 420 > Bez uszczelnień","Pohon > Łańcuchy napędowe > 420 > Bez uszczelnień"
"Nadwozie > Śruby i nakrętki","Karoséria a rám > Śruby i nakrętki"
"Silnik > Zawory > Zawory wydechowe","Motor > Zawory > Zawory wydechowe"
"Nadwozie > Kierownice i osprzęt > Kierownice aluminiowe > 22mm","Karoséria a rám > Kierownice i osprzęt > Kierownice aluminiowe > 22mm"
"Nadwozie > Plastiki > Błotnik przedni","Karoséria a rám > Plastiki > Błotnik przedni"
"Zawieszenie i układ kierowniczy > Przód > Sworznie zwrotnicy i wahacza przedniego","Odpruženie a riadenie > Predné > Sworznie zwrotnicy i wahacza przedniego"
"Silnik > Uszczelki i uszczelniacze > Pojedyncze uszczelki > Uszczelki głowicy > Standard > Athena","Motor > Uszczelki i uszczelniacze > Pojedyncze uszczelki > Uszczelki głowicy > Standard > Athena"
"Oleje i chemia > Oleje do zawieszenia","Oleje a chémia > Oleje do zawieszenia"
"Układ elektryczny > Świece i fajki > Fajki","Elektroinštalácia > Świece i fajki > Fajki"
"Układ elektryczny > Układ zapłonowy > Cewki zapłonowe","Elektroinštalácia > Układ zapłonowy > Cewki zapłonowe"
"Układ elektryczny > Układ zapłonowy > Moduły zapłonu","Elektroinštalácia > Układ zapłonowy > Moduły zapłonu"
"Nadwozie > Kierownice i osprzęt > Kierownice aluminiowe > 28mm","Karoséria a rám > Kierownice i osprzęt > Kierownice aluminiowe > 28mm"
"Układ napędowy > Łańcuchy napędowe > 520 > Bez uszczelnień","Pohon > Łańcuchy napędowe > 520 > Bez uszczelnień"
"Zawieszenie i układ kierowniczy > Tył > Uszczelniacze i łożyska dyferencjału","Odpruženie a riadenie > Zadné > Uszczelniacze i łożyska dyferencjału"
"Zawieszenie i układ kierowniczy > Przód > Zestawy naprawcze wahacza","Odpruženie a riadenie > Predné > Zestawy naprawcze wahacza"
"Zawieszenie i układ kierowniczy > Przód > Tulejki (panewki) zawieszenia > Tulejki na sztuki","Odpruženie a riadenie > Predné > Tulejki (panewki) zawieszenia > Tulejki na sztuki"
"Silnik > Płytki zaworowe > Średnica 10,00mm","Motor > Płytki zaworowe > Średnica 10,00mm"
"Nadwozie > Lusterka > Uniwersalne","Karoséria a rám > Lusterka > Uniwersalne"
"Silnik > Uszczelki i uszczelniacze > Pojedyncze uszczelki > Uszczelki misy olejowej","Motor > Uszczelki i uszczelniacze > Pojedyncze uszczelki > Uszczelki misy olejowej"
"Układ napędowy > Zębatki tył > Ergal","Pohon > Zębatki tył > Ergal"
"Silnik > Uszczelki i uszczelniacze > Pojedyncze uszczelki > Uszczelki pod cylinder","Motor > Uszczelki i uszczelniacze > Pojedyncze uszczelki > Uszczelki pod cylinder"
"Układ hamulcowy > Zaciski hamulcowe > Trzpienie mocujące klocki","Brzdový systém > Brzdové strmene > Upevňovacie čapy brzdových doštičiek"
"Silnik > Uszczelki i uszczelniacze > Komplet uszczelek > Winderosa","Motor > Uszczelki i uszczelniacze > Komplet uszczelek > Winderosa"
"Odzież i ochraniacze > Ochraniacze > Ochraniacze kolan","Oblečenie a ochranné vybavenie > Chrániče > Chrániče kolien"
"Silnik > Uszczelki i uszczelniacze > Pojedyncze uszczelki > Uszczelniacze wału korbowego","Motor > Uszczelki i uszczelniacze > Pojedyncze uszczelki > Uszczelniacze wału korbowego"
"Oleje i chemia > Smary do łańcucha","Oleje a chémia > Smary do łańcucha"
"Układ hamulcowy > Pompa hamulcowa > Zestawy naprawcze pomp hamulcowych > Tył","Brzdový systém > Hlavný brzdový valec > Opravné sady hlavného brzdového valca > Zadné"
"Zawieszenie i układ kierowniczy > Tył > Uszczelniacze amortyzatora centralnego","Odpruženie a riadenie > Zadné > Uszczelniacze amortyzatora centralnego"
"Odzież i ochraniacze > Odzież szosowa > Rękawice motocyklowe > Rękawice skórzano-tekstylne","Oblečenie a ochranné vybavenie > Cestné moto oblečenie > Moto rukavice > Koženo-textilné rukavice"
"Układ napędowy > Osłona przegubu napędowego","Pohon > Osłona przegubu napędowego"
"Układ napędowy > Ślizgi i rolki łańcucha","Pohon > Ślizgi i rolki łańcucha"
"Nadwozie > Kierownice i osprzęt > Osłony kierownicy","Karoséria a rám > Kierownice i osprzęt > Osłony kierownicy"
"Układ hamulcowy > Zaciski hamulcowe > Zaciski hamulcowe","Brzdový systém > Brzdové strmene > Brzdové strmene"
"Opony > Komplety opon","Pneumatiky > Sady pneumatík"
"Silnik > Wały korbowe > Wały korbowe standard","Motor > Wały korbowe > Wały korbowe standard"
"Silnik > Uszczelki i uszczelniacze > Pojedyncze uszczelki","Motor > Uszczelki i uszczelniacze > Pojedyncze uszczelki"
"Silnik > Korbowody > Motocykle 4T","Motor > Korbowody > Motocykle 4T"
"Układ elektryczny > Akumulatory > 12V > Obsługowe","Elektroinštalácia > Akumulatory > 12V > Obsługowe"
"Silnik > Płytki zaworowe > Średnica 8,90mm","Motor > Płytki zaworowe > Średnica 8,90mm"
"Silnik > Uszczelki i uszczelniacze > Komplet uszczelek > Prox","Motor > Uszczelki i uszczelniacze > Komplet uszczelek > Prox"
"Oleje i chemia > Oleje silnikowe 4T","Oleje a chémia > Oleje silnikowe 4T"
"Odzież i ochraniacze > Odzież codzienna > Spodnie","Oblečenie a ochranné vybavenie > Voľnočasové oblečenie > Nohavice"
"Silnik > Korbowody > ATV","Motor > Korbowody > ATV pneumatiky"
"Nadwozie > Kierownice i osprzęt > Końcowki kierownicy","Karoséria a rám > Kierownice i osprzęt > Końcowki kierownicy"
"Układ elektryczny > Rozruszniki","Elektroinštalácia > Rozruszniki"
"Silnik > Sprzęgło > Zestawy naprawcze siłownika sprzęgła","Motor > Sprzęgło > Zestawy naprawcze siłownika sprzęgła"
"Silnik > Tłoki-Pierścienie-Sworznie > Zabezpieczenia sworzni","Motor > Tłoki-Pierścienie-Sworznie > Zabezpieczenia sworzni"
"Silnik > Uszczelki i uszczelniacze","Motor > Uszczelki i uszczelniacze"
"Układ napędowy > Paski napędowe > Skuter","Pohon > Paski napędowe > Skútrové pneumatiky"
"Zawieszenie i układ kierowniczy > Tył > Amortyzatory tył","Odpruženie a riadenie > Zadné > Amortyzatory tył"
"Układ hamulcowy > Tarcze hamulcowe > Przód > Tył","Brzdový systém > Brzdové kotúče > Predné > Zadné"
"Dętki, Tubliss, mousse > Dętki > 17","Duše, Tubliss a mousse > Duše > 17"
"Nadwozie > Okleiny, Gąbki, Poszycia, Siedzenia kompletne > Poszycia siedzeń","Karoséria a rám > Okleiny, Gąbki, Poszycia, Siedzenia kompletne > Poszycia siedzeń"
"Silnik > Korbowody > Motocykle 2T","Motor > Korbowody > Motocykle 2T"
"Silnik > Uszczelki i uszczelniacze > Pojedyncze uszczelki > Uszczelki głowicy > Standard","Motor > Uszczelki i uszczelniacze > Pojedyncze uszczelki > Uszczelki głowicy > Standard"
"Silnik > Łożyska wału korbowego > 2T > Komplet łożysk","Motor > Łożyska wału korbowego > 2T > Komplet łożysk"
"Zawieszenie i układ kierowniczy > Przód > Zestaw naprawczy zawieszenia","Odpruženie a riadenie > Predné > Zestaw naprawczy zawieszenia"
"Układ elektryczny > Żarówki i bezpieczniki > Żarówki > 12V","Elektroinštalácia > Żarówki i bezpieczniki > Żarówki > 12V"
"Zawieszenie i układ kierowniczy > Szpilki i nakrętki kół","Odpruženie a riadenie > Szpilki i nakrętki kół"
"Odzież i ochraniacze > Odzież szosowa > Spodnie motocyklowe > Jeansy motocyklowe","Oblečenie a ochranné vybavenie > Cestné moto oblečenie > Moto nohavice > Moto džínsy"
"Dętki, Tubliss, mousse > Dętki > 18","Duše, Tubliss a mousse > Duše > 18"
"Odzież i ochraniacze > Ochraniacze > Spodenki z ochraniaczami","Oblečenie a ochranné vybavenie > Chrániče > Šortky s chráničmi"
"Układ napędowy > Zapinki, zakuwki i ogniwa łączące > Ogniwa łączące","Pohon > Zapinki, zakuwki i ogniwa łączące > Ogniwa łączące"
"Nadwozie > Linki > Linki hamulca","Karoséria a rám > Linki > Linki hamulca"
"Układ napędowy > Paski napędowe > ATV","Pohon > Paski napędowe > ATV pneumatiky"
"Silnik > Zestawy naprawcze góry silnika","Motor > Zestawy naprawcze góry silnika"
"Nadwozie > Dźwignie sprzęgła i hamulca","Karoséria a rám > Dźwignie sprzęgła i hamulca"
"Silnik > Pozostałe","Motor > Ostatné"
"Układ paliwowy > Pozostałe","Palivový systém > Ostatné"
"Silnik > Dźwignie startera (kopki)","Motor > Dźwignie startera (kopki)"
"Silnik > Uszczelki i uszczelniacze > Pojedyncze uszczelki > Uszczelka pokrywy pompy wody","Motor > Uszczelki i uszczelniacze > Pojedyncze uszczelki > Uszczelka pokrywy pompy wody"
"Nadwozie > Kierownice i osprzęt > Przełączniki","Karoséria a rám > Kierownice i osprzęt > Przełączniki"
"Odzież i ochraniacze > Odzież termoaktywna > Ocieplacz szyi","Oblečenie a ochranné vybavenie > Funkčné oblečenie > Nákrčníky"
"Oleje i chemia > Oleje silnikowe 2T > Motocykle i quady","Oleje a chémia > Oleje silnikowe 2T > Motocykle i quady"
"Układ napędowy > Zębatki tył > Stalowo-Aluminiowe","Pohon > Zębatki tył > Stalowo-Aluminiowe"
"Nadwozie > Osłony i gmole > Silnika","Karoséria a rám > Osłony i gmole > Silnika"
"Dętki, Tubliss, mousse > Opaski na felgi","Duše, Tubliss a mousse > Pásky do ráfikov"
"Dętki, Tubliss, mousse > Dętki > 19","Duše, Tubliss a mousse > Duše > 19"
"Nadwozie > Rolgazy i manetki > Manetki > ATV","Karoséria a rám > Rolgazy i manetki > Manetki > ATV pneumatiky"
"Oleje i chemia > Oleje przekładniowe","Oleje a chémia > Oleje przekładniowe"
"Odzież i ochraniacze > Odzież rowerowa > Rękawice rowerowe","Oblečenie a ochranné vybavenie > Cyklistické oblečenie > Rękawice rowerowe"
"Nadwozie > Rolgazy i manetki > Rolgazy kompletne","Karoséria a rám > Rolgazy i manetki > Rolgazy kompletne"
"Silnik > Skrzynia biegów","Motor > Skrzynia biegów"
"Nadwozie > Plastiki > Osłona teleskopów","Karoséria a rám > Plastiki > Osłona teleskopów"
"Oleje i chemia > Pozostałe środki smarne i dodatki do oleju","Oleje a chémia > Pozostałe środki smarne i dodatki do oleju"
"Nadwozie > Plastiki > Osłona chłodnicy","Karoséria a rám > Plastiki > Osłona chłodnicy"
"Układ paliwowy > Zestawy naprawcze i części gaźników > Zaworki iglicowe","Palivový systém > Zestawy naprawcze i części gaźników > Zaworki iglicowe"
"Silnik > Łożyska i sworznie stopy korbowodu","Motor > Łożyska i sworznie stopy korbowodu"
"Zawieszenie i układ kierowniczy > Tulejki kół > Przód","Odpruženie a riadenie > Tulejki kół > Predné"
"Układ elektryczny > Akumulatory > 12V > Żelowe","Elektroinštalácia > Akumulatory > 12V > Żelowe"
"Dętki, Tubliss, mousse > Dętki > 16","Duše, Tubliss a mousse > Duše > 16"
"Silnik > Korbowody > Motocykle 2T > Yamaha","Motor > Korbowody > Motocykle 2T > Yamaha"
"Nadwozie > Rolgazy i manetki > Manetki > Podgrzewane","Karoséria a rám > Rolgazy i manetki > Manetki > Podgrzewane"
"Silnik > Sprzęgło > Zestawy naprawcze pompy sprzęgłowej","Motor > Sprzęgło > Zestawy naprawcze pompy sprzęgłowej"
"Nadwozie > Podnóżki > Kierowcy > Szosowe","Karoséria a rám > Podnóżki > Kierowcy > Szosowe"
"Nadwozie > Plastiki > Kołki montażowe do plastików","Karoséria a rám > Plastiki > Kołki montażowe do plastików"
"Nadwozie > Stopki boczne","Karoséria a rám > Stopki boczne"
"Silnik > Korbowody > Motocykle 2T > KTM","Motor > Korbowody > Motocykle 2T > KTM"
"Układ paliwowy > Króćce gaźnika","Palivový systém > Króćce gaźnika"
"Odzież i ochraniacze > Ochraniacze > Ochraniacze szyi","Oblečenie a ochranné vybavenie > Chrániče > Chrániče krku"
"Układ elektryczny > Kierunkowskazy > Kierunkowskazy wzór oryginalny","Elektroinštalácia > Kierunkowskazy > Kierunkowskazy wzór oryginalny"
"Nadwozie > Tankpady","Karoséria a rám > Tankpady"
"Układ napędowy > Łańcuchy napędowe > 428","Pohon > Łańcuchy napędowe > 428"
"Układ elektryczny > Kierunkowskazy > Kierunkowskazy uniwersalne","Elektroinštalácia > Kierunkowskazy > Kierunkowskazy uniwersalne"
"Nadwozie > Podnóżki > Kierowcy > Off road","Karoséria a rám > Podnóżki > Kierowcy > Off road"
"Układ elektryczny > Układ zapłonowy > Wyłączniki i przełączniki map zapłonu > Przy kierownicy","Elektroinštalácia > Układ zapłonowy > Wyłączniki i przełączniki map zapłonu > Przy kierownicy"
"Układ hamulcowy > Zaciski hamulcowe > Tłoczki zacisku","Brzdový systém > Brzdové strmene > Piestiky brzdového strmeňa"
"Odzież i ochraniacze > Odzież termoaktywna > Kominiarka motocyklowa","Oblečenie a ochranné vybavenie > Funkčné oblečenie > Moto kukly"
"Układ paliwowy > Zestawy naprawcze i części gaźników > Zawory AIR CUT","Palivový systém > Zestawy naprawcze i części gaźników > Zawory AIR CUT"
"Nadwozie > Plastiki > Osłona pokrywy sprzęgła","Karoséria a rám > Plastiki > Osłona pokrywy sprzęgła"
"Nadwozie > Plastiki > Osłona amortyzatora tylnego","Karoséria a rám > Plastiki > Osłona amortyzatora tylnego"
"Zawieszenie i układ kierowniczy > Przód > Odpowietrzniki teleskopów","Odpruženie a riadenie > Predné > Odpowietrzniki teleskopów"
"Układ elektryczny > Stacyjki","Elektroinštalácia > Stacyjki"
"Układ hamulcowy > Śruby tarcz hamulcowych","Brzdový systém > Skrutky brzdových kotúčov"
"Układ hamulcowy > Pompa hamulcowa > Pozostałe (części pomp hamulcowych)","Brzdový systém > Hlavný brzdový valec > Ostatné diely hlavného brzdového valca"
"Dętki, Tubliss, mousse > Mousse > 18","Duše, Tubliss a mousse > Mousse vložky > 18"
"Nadwozie > Kierownice i osprzęt > Kierownice stalowe > 22mm","Karoséria a rám > Kierownice i osprzęt > Kierownice stalowe > 22mm"
"Silnik > Uszczelki i uszczelniacze > Komplet uszczelek","Motor > Uszczelki i uszczelniacze > Komplet uszczelek"
"Silnik > Uszczelki i uszczelniacze > Pojedyncze uszczelki > Uszczelki łączenia karterów silnika","Motor > Uszczelki i uszczelniacze > Pojedyncze uszczelki > Uszczelki łączenia karterów silnika"
"Układ hamulcowy > Pompa hamulcowa > Kompletne pompy hamulcowe","Brzdový systém > Hlavný brzdový valec > Kompletné hlavné brzdové valce"
"Układ paliwowy > Przewody paliwowe","Palivový systém > Przewody paliwowe"
"Odzież i ochraniacze > Odzież szosowa > Akcesoria do odzieży","Oblečenie a ochranné vybavenie > Cestné moto oblečenie > Doplnky k oblečeniu"
"Nadwozie > Kierownice i osprzęt > Akcesoria","Karoséria a rám > Kierownice i osprzęt > Príslušenstvo"
"Silnik > Zawory > Zawory ssące > Yamaha","Motor > Zawory > Zawory ssące > Yamaha"
"Układ hamulcowy > Klocki i szczęki hamulcowe > Szczęki hamulcowe","Brzdový systém > Brzdové doštičky a čeľuste > Brzdové čeľuste"
"Silnik > Śruby i korki silnika","Motor > Śruby i korki silnika"
"Układ elektryczny > Kierunkowskazy > Klosze i podstawy kierunkowskazów","Elektroinštalácia > Kierunkowskazy > Klosze i podstawy kierunkowskazów"
"Układ elektryczny > Lampy tył > Wzór oryginalny","Elektroinštalácia > Lampy tył > Wzór oryginalny"
"Nadwozie > Plastiki > Osłona wahacza","Karoséria a rám > Plastiki > Osłona wahacza"
"Silnik > Układ wydechowy > Dyfuzor/Komora rezonansowa","Motor > Układ wydechowy > Dyfuzor/Komora rezonansowa"
"Silnik > Korbowody > Motocykle 4T > KTM","Motor > Korbowody > Motocykle 4T > KTM"
"Układ napędowy > Łańcuchy napędowe > 428 > Z uszczelnieniem","Pohon > Łańcuchy napędowe > 428 > Z uszczelnieniem"
"Nadwozie > Podnóżki > Pasażera > Szosowe","Karoséria a rám > Podnóżki > Pasażera > Szosowe"
"Zawieszenie i układ kierowniczy > Przód > Zabezpieczenia i blokady","Odpruženie a riadenie > Predné > Zabezpieczenia i blokady"
"Układ hamulcowy > Przewody hamulcowe > Przewody skręcane > Inne części","Brzdový systém > Brzdové hadice > Opletené brzdové hadice > Ostatné diely"
"Nadwozie > Pozostałe","Karoséria a rám > Ostatné"
"Odzież i ochraniacze > Odzież odblaskowa","Oblečenie a ochranné vybavenie > Reflexné oblečenie"
"Silnik > Korbowody > Motocykle 2T > Kawasaki","Motor > Korbowody > Motocykle 2T > Kawasaki"
"Zawieszenie i układ kierowniczy > Tulejki kół > Tył","Odpruženie a riadenie > Tulejki kół > Zadné"
"Dętki, Tubliss, mousse > Dętki > 21","Duše, Tubliss a mousse > Duše > 21"
"Nadwozie > Plastiki > Osłona sprzęgła i alternatora (zestaw)","Karoséria a rám > Plastiki > Osłona sprzęgła i alternatora (zestaw)"
"Nadwozie > Dźwignie sprzęgła i hamulca > Uchwyt dźwigni sprzegła i hamulca","Karoséria a rám > Dźwignie sprzęgła i hamulca > Uchwyt dźwigni sprzegła i hamulca"
"Buty motocyklowe > Buty ATV","Moto obuv > ATV čižmy"
"Silnik > Korbowody > Motocykle 4T > Honda","Motor > Korbowody > Motocykle 4T > Honda"
"Silnik > Korbowody > Skutery wodne","Motor > Korbowody > Vodné skútre"
"Silnik > Sprzęgło > Kosze sprzęgłowe zewnętrzne","Motor > Sprzęgło > Kosze sprzęgłowe zewnętrzne"
"Odzież i ochraniacze > Ochraniacze > Części do ochraniaczy","Oblečenie a ochranné vybavenie > Chrániče > Diely k chráničom"
"Układ elektryczny > Kierunkowskazy > Przerywacze kierunkowskazów","Elektroinštalácia > Kierunkowskazy > Przerywacze kierunkowskazów"
"Silnik > Uszczelki i uszczelniacze > Uszczelniacze zaworowe > Prox","Motor > Uszczelki i uszczelniacze > Uszczelniacze zaworowe > Prox"
"Zawieszenie i układ kierowniczy > Przód > Osłony teleskopów > Gumowe","Odpruženie a riadenie > Predné > Osłony teleskopów > Gumowe"
"Układ elektryczny > Rozruszniki > Sprzęgiełko kierunkowe","Elektroinštalácia > Rozruszniki > Sprzęgiełko kierunkowe"
"Odzież i ochraniacze > Odzież offroad > Skarpety","Oblečenie a ochranné vybavenie > Off-road oblečenie > Ponožky"
"Silnik > Uszczelki i uszczelniacze > Pojedyncze uszczelki > Uszczelki pokrywy zaworowej","Motor > Uszczelki i uszczelniacze > Pojedyncze uszczelki > Uszczelki pokrywy zaworowej"
"Zawieszenie i układ kierowniczy > Przód > Amortyzatory przód","Odpruženie a riadenie > Predné > Amortyzatory przód"
"Nadwozie > Lusterka > Akcesoria do lusterek","Karoséria a rám > Lusterka > Akcesoria do lusterek"
"Silnik > Płytki zaworowe > Średnica 25,00mm","Motor > Płytki zaworowe > Średnica 25,00mm"
"Silnik > Sprzęgło > Kosze sprzęgłowe wewnętrzne","Motor > Sprzęgło > Kosze sprzęgłowe wewnętrzne"
"Silnik > Zawory > Zawory wydechowe > Yamaha","Motor > Zawory > Zawory wydechowe > Yamaha"
"Silnik > Zawory > Zawory ssące > Kawasaki","Motor > Zawory > Zawory ssące > Kawasaki"
"Zawieszenie i układ kierowniczy > Tył > Odbojniki amortyzatora","Odpruženie a riadenie > Zadné > Odbojniki amortyzatora"
"Układ napędowy > Łańcuchy napędowe > 520","Pohon > Łańcuchy napędowe > 520"
"Układ hamulcowy > Płyny hamulcowe","Brzdový systém > Brzdové kvapaliny"
"Układ napędowy > Wariator","Pohon > Wariator"
"Nadwozie > Dźwignie sprzęgła i hamulca > Kompletne dźwignie sprzęgła z uchwytem (tuning)","Karoséria a rám > Dźwignie sprzęgła i hamulca > Kompletne dźwignie sprzęgła z uchwytem (tuning)"
"Silnik > Układ wydechowy > Końcówki układu","Motor > Układ wydechowy > Końcówki układu"
"Układ hamulcowy > Pozostałe","Brzdový systém > Ostatné"
"Silnik > Uszczelki i uszczelniacze > Pojedyncze uszczelki > Uszczelniacz otworu świecy pokrywy zaworowej","Motor > Uszczelki i uszczelniacze > Pojedyncze uszczelki > Uszczelniacz otworu świecy pokrywy zaworowej"
"Odzież i ochraniacze > Odzież codzienna > Akcesoria","Oblečenie a ochranné vybavenie > Voľnočasové oblečenie > Príslušenstvo"
"Nadwozie > Linki > Linki licznika","Karoséria a rám > Linki > Linki licznika"
"Dętki, Tubliss, mousse > Dętki > 10","Duše, Tubliss a mousse > Duše > 10"
"Układ hamulcowy > Przewody hamulcowe > Pozostałe","Brzdový systém > Brzdové hadice > Ostatné"
"Nadwozie > Kierownice i osprzęt > Podwyżki kierownicy > Dół 22mm > Góra 28mm","Karoséria a rám > Kierownice i osprzęt > Podwyżki kierownicy > Dół 22mm > Góra 28mm"
"Silnik > Korbowody > Motocykle 4T > Yamaha","Motor > Korbowody > Motocykle 4T > Yamaha"
"Silnik > Płytki zaworowe > Średnica 13,00mm","Motor > Płytki zaworowe > Średnica 13,00mm"
"Silnik > Sprzęgło > Gumki kosza sprzęgłowego","Motor > Sprzęgło > Gumki kosza sprzęgłowego"
"Nadwozie > Kierownice i osprzęt > Pompa Sprzęgła","Karoséria a rám > Kierownice i osprzęt > Pompa Sprzęgła"
"Układ napędowy > Krzyżak przegubu napędowego","Pohon > Krzyżak przegubu napędowego"
"Odzież i ochraniacze > Ochraniacze > Ochraniacze łokci","Oblečenie a ochranné vybavenie > Chrániče > Chrániče lakťov"
"Układ hamulcowy > Osłona tarczy hamulcowej","Brzdový systém > Kryt brzdového kotúča"
"Dętki, Tubliss, mousse > Mousse > 21","Duše, Tubliss a mousse > Mousse vložky > 21"
"Nadwozie > Plastiki > Komplet ślizg + prowadnica","Karoséria a rám > Plastiki > Komplet ślizg + prowadnica"
"Nadwozie > Dźwignie zmiany biegów > Stalowe","Karoséria a rám > Dźwignie zmiany biegów > Stalowe"
"Układ elektryczny > Klakson","Elektroinštalácia > Klakson"
"Silnik > Zawory > Sprężyny zaworowe","Motor > Zawory > Sprężyny zaworowe"
"Układ paliwowy > Zestawy naprawcze i części gaźników > Zawory rozruchowe (ssania)","Palivový systém > Zestawy naprawcze i części gaźników > Zawory rozruchowe (ssania)"
"Silnik > Uszczelki i uszczelniacze > Tektura uszczelkowa","Motor > Uszczelki i uszczelniacze > Tektura uszczelkowa"
"Oleje i chemia > Oleje samochodowe","Oleje a chémia > Oleje samochodowe"
"Dętki, Tubliss, mousse > Dętki > 12","Duše, Tubliss a mousse > Duše > 12"
"Układ hamulcowy > Przewody hamulcowe > Przewody skręcane homologowane > Końcówki","Brzdový systém > Brzdové hadice > Homologované opletené brzdové hadice > Koncovky"
"Silnik > Zawory > Zawory wydechowe > Honda","Motor > Zawory > Zawory wydechowe > Honda"
"Silnik > Zawory > Zawory wydechowe > Kawasaki","Motor > Zawory > Zawory wydechowe > Kawasaki"
"Układ elektryczny > Rozruszniki > Zestaw naprawczy rozrusznika","Elektroinštalácia > Rozruszniki > Zestaw naprawczy rozrusznika"
"Odzież i ochraniacze > Odzież termoaktywna > Spodnie termoaktywne","Oblečenie a ochranné vybavenie > Funkčné oblečenie > Funkčné nohavice"
"Układ elektryczny > Liczniki motogodzin","Elektroinštalácia > Liczniki motogodzin"
"Silnik > Tłoki-Pierścienie-Sworznie > Sworznie tłokowe","Motor > Tłoki-Pierścienie-Sworznie > Sworznie tłokowe"
"Nadwozie > Plastiki > Części zamienne plastiki","Karoséria a rám > Plastiki > Części zamienne plastiki"
"Układ napędowy > Łańcuchy napędowe > 525","Pohon > Łańcuchy napędowe > 525"
"Układ hamulcowy > Przewody hamulcowe > Przewody skręcane > Końcówki","Brzdový systém > Brzdové hadice > Opletené brzdové hadice > Koncovky"
"Układ elektryczny > Zapalniczki","Elektroinštalácia > Zapalniczki"
"Dętki, Tubliss, mousse > Dętki > 14","Duše, Tubliss a mousse > Duše > 14"
"Zawieszenie i układ kierowniczy > Przód > Narzędzia do zawieszeń","Odpruženie a riadenie > Predné > Narzędzia do zawieszeń"
"Układ elektryczny > Akumulatory > 12V > Litowo-jonowe","Elektroinštalácia > Akumulatory > 12V > Litowo-jonowe"
"Nadwozie > Plastiki > Mocowanie tablicy rejestracyjnej","Karoséria a rám > Plastiki > Mocowanie tablicy rejestracyjnej"
"Układ elektryczny > Świece i fajki > Klucz do świec","Elektroinštalácia > Świece i fajki > Klucz do świec"
"Odzież i ochraniacze > Odzież codzienna > Czapki","Oblečenie a ochranné vybavenie > Voľnočasové oblečenie > Čiapky"
"Układ napędowy > Piasty napędowe koła","Pohon > Piasty napędowe koła"
"Odzież i ochraniacze > Odzież codzienna > Kurtki","Oblečenie a ochranné vybavenie > Voľnočasové oblečenie > Bundy"
"Silnik > Korbowody > Motocykle 2T > Suzuki","Motor > Korbowody > Motocykle 2T > Suzuki"
"Układ paliwowy > Zestawy naprawcze i części gaźników > Śruby regulacyjne gaźnika","Palivový systém > Zestawy naprawcze i części gaźników > Śruby regulacyjne gaźnika"
"Silnik > Wałek wyrównoważający","Motor > Wałek wyrównoważający"
"Dętki, Tubliss, mousse > Tubliss","Duše, Tubliss a mousse > Tubliss systémy"
"Nadwozie > Szyby > Szyby sport","Karoséria a rám > Szyby > Szyby sport"
"Układ elektryczny > Przewody","Elektroinštalácia > Hadice a vedenia"
"Nadwozie > Rolgazy i manetki > Manetki > Manetki pozostałe","Karoséria a rám > Rolgazy i manetki > Manetki > Manetki pozostałe"
"Odzież i ochraniacze > Odzież termoaktywna > Pas nerkowy","Oblečenie a ochranné vybavenie > Funkčné oblečenie > Ľadvinové pásy"
"Silnik > Uszczelki i uszczelniacze > Komplet uszczelek top end > Big Bore","Motor > Uszczelki i uszczelniacze > Komplet uszczelek top end > Big Bore"
"Zawieszenie i układ kierowniczy > Przód > Łożyska i tulejki kolumny kierowniczej","Odpruženie a riadenie > Predné > Łożyska i tulejki kolumny kierowniczej"
"Silnik > Zawory > Zawory wydechowe > Suzuki","Motor > Zawory > Zawory wydechowe > Suzuki"
"Zawieszenie i układ kierowniczy > Tył > Membrany amortyzatora","Odpruženie a riadenie > Zadné > Membrany amortyzatora"
"Odzież i ochraniacze > Ochraniacze > Ochraniacze pleców","Oblečenie a ochranné vybavenie > Chrániče > Chrániče chrbta"
"Nadwozie > Plastiki > Tablica przednia na nr startowy","Karoséria a rám > Plastiki > Tablica przednia na nr startowy"
"Układ elektryczny > Rozruszniki > Szczotki rozrusznika","Elektroinštalácia > Rozruszniki > Szczotki rozrusznika"
"Układ paliwowy > Kraniki","Palivový systém > Kraniki"
"Układ elektryczny > Regulatory napięcia > Wtyczki regulatora","Elektroinštalácia > Regulatory napięcia > Wtyczki regulatora"
"Odzież i ochraniacze > Odzież codzienna > Koszule","Oblečenie a ochranné vybavenie > Voľnočasové oblečenie > Košele"
"Odzież i ochraniacze > Odzież termoaktywna > Koszulka termoaktywna","Oblečenie a ochranné vybavenie > Funkčné oblečenie > Funkčné tričká"
"Silnik > Korbowody > Motocykle 2T > Pozostałe","Motor > Korbowody > Motocykle 2T > Ostatné"
"Silnik > Korbowody > Motocykle 4T > Kawasaki","Motor > Korbowody > Motocykle 4T > Kawasaki"
"Zawieszenie i układ kierowniczy > Łożyska kół","Odpruženie a riadenie > Łożyska kół"
"Silnik > Zawory > Zawory ssące > Honda","Motor > Zawory > Zawory ssące > Honda"
"Dętki, Tubliss, mousse > Dętki > 15","Duše, Tubliss a mousse > Duše > 15"
"Silnik > Łożyska wału korbowego > 4T","Motor > Łożyska wału korbowego > 4T"
"Silnik > Wały korbowe > Łożyska bez uszczelniaczy","Motor > Wały korbowe > Łożyska bez uszczelniaczy"
"Układ paliwowy > Wtryski","Palivový systém > Wtryski"
"Silnik > Korbowody > Motocykle 2T > Honda","Motor > Korbowody > Motocykle 2T > Honda"
"Układ elektryczny > Układ zapłonowy > Impulsatory","Elektroinštalácia > Układ zapłonowy > Impulsatory"
"Nadwozie > Rolgazy i manetki > Pokrętła rolgazu > Plastikowe","Karoséria a rám > Rolgazy i manetki > Pokrętła rolgazu > Plastikowe"
"Silnik > Sprzęgło > Płyty dociskowe sprzęgła","Motor > Sprzęgło > Płyty dociskowe sprzęgła"
"Silnik > Cylindry > Cylindry > Cylindry standard > Yamaha","Motor > Cylindry > Cylindry > Cylindry standard > Yamaha"
"Silnik > Zawory > Zawory ssące > Suzuki","Motor > Zawory > Zawory ssące > Suzuki"
"Filtry > Oleje do nasączania filtrów powietrza","Filtre > Oleje do nasączania filtrów powietrza"
"Nadwozie > Plastiki > Osłona amortyzatora przedniego","Karoséria a rám > Plastiki > Osłona amortyzatora przedniego"
"Nadwozie > Okleiny, Gąbki, Poszycia, Siedzenia kompletne > Naklejki > Naklejki na numery startowe","Karoséria a rám > Okleiny, Gąbki, Poszycia, Siedzenia kompletne > Naklejki > Naklejki na numery startowe"
"Układ paliwowy > Zestawy naprawcze i części gaźników > Pływaki i komory pływaka","Palivový systém > Zestawy naprawcze i części gaźników > Pływaki i komory pływaka"
"Układ napędowy > Gumy zabieraka","Pohon > Gumy zabieraka"
"Układ elektryczny > Układ zapłonowy > Wyłączniki i przełączniki map zapłonu > Awaryjne","Elektroinštalácia > Układ zapłonowy > Wyłączniki i przełączniki map zapłonu > Awaryjne"
"Silnik > Płytki zaworowe > Średnica 29,50mm","Motor > Płytki zaworowe > Średnica 29,50mm"
"Oleje i chemia > Oleje silnikowe 2T","Oleje a chémia > Oleje silnikowe 2T"
"Silnik > Cylindry > Zestawy cylindrowe > Zestawy standard > Yamaha","Motor > Cylindry > Zestawy cylindrowe > Zestawy standard > Yamaha"
"Silnik > Łożyska wału korbowego > 2T > Pojedyńcze","Motor > Łożyska wału korbowego > 2T > Pojedyńcze"
"Nadwozie > Plastiki > Osłona pokrywy alternatora","Karoséria a rám > Plastiki > Osłona pokrywy alternatora"
"Zawieszenie i układ kierowniczy > Szpilki i nakrętki kół > Napinacze tylnej osi","Odpruženie a riadenie > Szpilki i nakrętki kół > Napinacze tylnej osi"
"Silnik > Płytki zaworowe > Średnica 29,00mm","Motor > Płytki zaworowe > Średnica 29,00mm"
"Układ napędowy > Wariator > Rolki Wariatora","Pohon > Wariator > Rolki Wariatora"
"Układ elektryczny > Świece i fajki > Przewody wysokiego napięcia","Elektroinštalácia > Świece i fajki > Przewody wysokiego napięcia"
"Układ napędowy > Śruby zębatki tylnej","Pohon > Śruby zębatki tylnej"
"Silnik > Cylindry > Zestawy cylindrowe > Zestawy standard > Honda","Motor > Cylindry > Zestawy cylindrowe > Zestawy standard > Honda"
"Silnik > Cylindry > Cylindry > Cylindry standard","Motor > Cylindry > Cylindry > Cylindry standard"
"Układ hamulcowy > Przewody hamulcowe > Przewody skręcane > Przewody","Brzdový systém > Brzdové hadice > Opletené brzdové hadice > Hadice a vedenia"
"Układ paliwowy > Zestawy naprawcze i części gaźników > Zestawy naprawcze pompki przyśpieszającej","Palivový systém > Zestawy naprawcze i części gaźników > Zestawy naprawcze pompki przyśpieszającej"
"Silnik > Cylindry > Zestawy cylindrowe > Zestawy standard","Motor > Cylindry > Zestawy cylindrowe > Zestawy standard"
"Układ elektryczny > Liczniki uniwersalne > Akcesoria","Elektroinštalácia > Liczniki uniwersalne > Príslušenstvo"
"Dętki, Tubliss, mousse","Duše, Tubliss a mousse"
"Dętki, Tubliss, mousse > Mousse > 19","Duše, Tubliss a mousse > Mousse vložky > 19"
"Dętki, Tubliss, mousse > Żele montażowe","Duše, Tubliss a mousse > Montážne gély"
"Zawieszenie i układ kierowniczy > Przód > Osłony teleskopów > Plastikowe","Odpruženie a riadenie > Predné > Osłony teleskopów > Plastikowe"
"Nadwozie > Plastiki > Boczki tylne","Karoséria a rám > Plastiki > Boczki tylne"
"Odzież i ochraniacze > Odzież termoaktywna > Skarpety i rękawice","Oblečenie a ochranné vybavenie > Funkčné oblečenie > Ponožky a rukavice"
"Buty motocyklowe","Moto obuv"
"Nadwozie > Osłony i gmole > Osłony tłumika","Karoséria a rám > Osłony i gmole > Osłony tłumika"
"Oleje i chemia > Dodatki do paliwa","Oleje a chémia > Dodatki do paliwa"
"Oleje i chemia > Oleje silnikowe 4T > Skutery","Oleje a chémia > Oleje silnikowe 4T > Skutery"
"Silnik > Mocowania","Motor > Mocowania"
"Układ elektryczny > Kierunkowskazy > Kierunkowskazy wzór oryginalny > Yamaha","Elektroinštalácia > Kierunkowskazy > Kierunkowskazy wzór oryginalny > Yamaha"
"Zawieszenie i układ kierowniczy > Przód > Uszczelniacze i łożyska dyferencjału","Odpruženie a riadenie > Predné > Uszczelniacze i łożyska dyferencjału"
"Silnik > Cylindry > Zestawy cylindrowe > Zestawy standard > Kawasaki","Motor > Cylindry > Zestawy cylindrowe > Zestawy standard > Kawasaki"
"Silnik > Cylindry > Cylindry > Cylindry standard > Honda","Motor > Cylindry > Cylindry > Cylindry standard > Honda"
"Układ napędowy > Łańcuchy napędowe > 415","Pohon > Łańcuchy napędowe > 415"
"Układ elektryczny > Akumulatory > 6V","Elektroinštalácia > Akumulatory > 6V"
"Silnik > Zawory > Zawory wydechowe > Polaris","Motor > Zawory > Zawory wydechowe > Polaris"
"Nadwozie > Dźwignie sprzęgła i hamulca > Akcesoria do dźwigni","Karoséria a rám > Dźwignie sprzęgła i hamulca > Akcesoria do dźwigni"
"Układ elektryczny > Liczniki uniwersalne","Elektroinštalácia > Liczniki uniwersalne"
"Silnik > Zestawy naprawcze dołu silnika","Motor > Zestawy naprawcze dołu silnika"
"Nadwozie > Dźwignie sprzęgła i hamulca > Dźwignie sprzęgła > Kute","Karoséria a rám > Dźwignie sprzęgła i hamulca > Dźwignie sprzęgła > Kute"
"Silnik > Uszczelki i uszczelniacze > Pojedyncze uszczelki > Podkładki uszczelniające śrubę spustową oleju","Motor > Uszczelki i uszczelniacze > Pojedyncze uszczelki > Podkładki uszczelniające śrubę spustową oleju"
"Silnik > Uszczelki i uszczelniacze > Pojedyncze uszczelki > Uszczelki głowicy","Motor > Uszczelki i uszczelniacze > Pojedyncze uszczelki > Uszczelki głowicy"
"Silnik > Zawory > Sprężyny zaworowe > Honda","Motor > Zawory > Sprężyny zaworowe > Honda"
"Nadwozie > Plastiki > Pozostałe","Karoséria a rám > Plastiki > Ostatné"
"Silnik > Wałek zdawczy > Zestawy naprawcze wałka zdawczego","Motor > Wałek zdawczy > Zestawy naprawcze wałka zdawczego"
"Nadwozie > Linki > Linki ciepłego ssania (hot start)","Karoséria a rám > Linki > Linki ciepłego ssania (hot start)"
"Nadwozie > Dźwignie sprzęgła i hamulca > Dźwignie hamulca > Kute","Karoséria a rám > Dźwignie sprzęgła i hamulca > Dźwignie hamulca > Kute"
"Odzież i ochraniacze > Odzież codzienna > Skarpety","Oblečenie a ochranné vybavenie > Voľnočasové oblečenie > Ponožky"
"Silnik > Rozrząd > Ogniwa łączące","Motor > Rozrząd > Ogniwa łączące"
"Układ hamulcowy > Pompa hamulcowa > Zestawy naprawcze pomp hamulcowych","Brzdový systém > Hlavný brzdový valec > Opravné sady hlavného brzdového valca"
"Układ hamulcowy > Części bębnów hamulcowych > Zestawy naprawcze cylinderków hamulcowych","Brzdový systém > Diely bubnových bŕzd > Opravné sady brzdových valčekov"
"Silnik > Sprzęgło > Sprzęgła automatyczne","Motor > Sprzęgło > Sprzęgła automatyczne"
"Filtry > Płyny i akc. do mycia filtrów powietrza","Filtre > Płyny i akc. do mycia filtrów powietrza"
"Filtry > Filtry paliwa","Filtre > Filtry paliwa"
"Nadwozie > Szyby > Mocowania","Karoséria a rám > Szyby > Mocowania"
"Układ elektryczny > Czujniki > Czujnik prędkości","Elektroinštalácia > Czujniki > Czujnik prędkości"
"Silnik > Zawory > Zawory ssące > Polaris","Motor > Zawory > Zawory ssące > Polaris"
"Nadwozie > Linki > Części i narzędzia","Karoséria a rám > Linki > Części i narzędzia"
"Nadwozie > Podnóżki > Gumy podnóżków","Karoséria a rám > Podnóżki > Gumy podnóżków"
"Silnik > Zawory > Sprężyny zaworowe > Kawasaki","Motor > Zawory > Sprężyny zaworowe > Kawasaki"
"Nadwozie > Rolgazy i manetki > Pokrętła rolgazu > Aluminiowe","Karoséria a rám > Rolgazy i manetki > Pokrętła rolgazu > Aluminiowe"
"Oleje i chemia > Oleje silnikowe 2T > Skutery","Oleje a chémia > Oleje silnikowe 2T > Skutery"
"Układ napędowy > Wały napędowe > Krzyżaki wału","Pohon > Wały napędowe > Krzyżaki wału"
"Układ elektryczny > Kierunkowskazy > Akcesoria do kierunkowskazów","Elektroinštalácia > Kierunkowskazy > Akcesoria do kierunkowskazów"
"Odzież i ochraniacze","Oblečenie a ochranné vybavenie"
"Układ elektryczny > Kierunkowskazy > Kierunkowskazy wzór oryginalny > Honda","Elektroinštalácia > Kierunkowskazy > Kierunkowskazy wzór oryginalny > Honda"
"Zawieszenie i układ kierowniczy > Tył > Zestawy łożysk amortyzatora centralnego","Odpruženie a riadenie > Zadné > Zestawy łożysk amortyzatora centralnego"
"Silnik > Zawory > Zawory wydechowe > KTM","Motor > Zawory > Zawory wydechowe > KTM"
"Silnik > Cylindry > Cylindry > Cylindry standard > Kawasaki","Motor > Cylindry > Cylindry > Cylindry standard > Kawasaki"
"Silnik > Cylindry > Cylindry > Cylindry standard > KTM","Motor > Cylindry > Cylindry > Cylindry standard > KTM"
"Układ paliwowy > Filtr paliwa","Palivový systém > Filtr paliwa"
"Układ hamulcowy > Przewody hamulcowe > Przewody skręcane homologowane > Przewody","Brzdový systém > Brzdové hadice > Homologované opletené brzdové hadice > Hadice a vedenia"
"Układ elektryczny > Czujniki > Czujnik położenia biegów","Elektroinštalácia > Czujniki > Czujnik położenia biegów"
"Nadwozie > Kierownice i osprzęt > Mocowanie kierownicy","Karoséria a rám > Kierownice i osprzęt > Mocowanie kierownicy"
"Silnik > Uszczelki i uszczelniacze > Pojedyncze uszczelki > Uszczelniacz śruby pokrywy zaworowej","Motor > Uszczelki i uszczelniacze > Pojedyncze uszczelki > Uszczelniacz śruby pokrywy zaworowej"
"Układ napędowy > Łańcuchy napędowe > 530","Pohon > Łańcuchy napędowe > 530"
"Nadwozie > Osłony i gmole > Gmole","Karoséria a rám > Osłony i gmole > Gmole"
"Nadwozie > Rolgazy i manetki > Pokrętła rolgazu","Karoséria a rám > Rolgazy i manetki > Pokrętła rolgazu"
"Nadwozie > Okleiny, Gąbki, Poszycia, Siedzenia kompletne > Naklejki > Naklejki na felgi","Karoséria a rám > Okleiny, Gąbki, Poszycia, Siedzenia kompletne > Naklejki > Naklejki na felgi"
"Zawieszenie i układ kierowniczy > Przód","Odpruženie a riadenie > Predné"
"Układ elektryczny > Akumulatory > 6V > Suche (Elektrolit Osobno)","Elektroinštalácia > Akumulatory > 6V > Suche (Elektrolit Osobno)"
"Silnik > Rozrząd > Zakuwki i zapinki łańcuchów rozrządu","Motor > Rozrząd > Zakuwki i zapinki łańcuchów rozrządu"
"Zawieszenie i układ kierowniczy > Przód > Przekładnia kierownicza UTV","Odpruženie a riadenie > Predné > Przekładnia kierownicza UTV"
"Układ elektryczny > Lampy przód > Uniwersalne > Motocykle enduro","Elektroinštalácia > Lampy przód > Uniwersalne > Motocykle enduro"
"Układ napędowy > Zabezpieczenia zębatki przód","Pohon > Zabezpieczenia zębatki przód"
"Silnik > Zawory > Zestawy zaworów ssących (stalowych) i sprężyn > Honda","Motor > Zawory > Zestawy zaworów ssących (stalowych) i sprężyn > Honda"
"Nadwozie > Osłony i gmole > Osłony chłodnicy","Karoséria a rám > Osłony i gmole > Osłony chłodnicy"
"Układ hamulcowy > Części bębnów hamulcowych > Uszczelniacze bębna hamulcowego","Brzdový systém > Diely bubnových bŕzd > Tesnenia brzdového bubna"
"Buty motocyklowe > Akcesoria","Moto obuv > Príslušenstvo"
"Silnik > Cylindry > Zestawy cylindrowe > Zestawy standard > KTM","Motor > Cylindry > Zestawy cylindrowe > Zestawy standard > KTM"
"Nadwozie > Plastiki > Osłona lampy przedniej","Karoséria a rám > Plastiki > Osłona lampy przedniej"
"Silnik > Zawory > Sprężyny zaworowe > Yamaha","Motor > Zawory > Sprężyny zaworowe > Yamaha"
"Układ hamulcowy > Pompa hamulcowa > Zbiorniczki płynu hamulcowego","Brzdový systém > Hlavný brzdový valec > Nádobky brzdovej kvapaliny"
"Silnik > Łożyska wału korbowego > 2T > Komplet łożysk > KTM","Motor > Łożyska wału korbowego > 2T > Komplet łożysk > KTM"
"Silnik > Łożyska wału korbowego > 4T > Komplet łożysk > KTM","Motor > Łożyska wału korbowego > 4T > Komplet łożysk > KTM"
"Nadwozie > Okleiny, Gąbki, Poszycia, Siedzenia kompletne > Naklejki > Komplety naklejek","Karoséria a rám > Okleiny, Gąbki, Poszycia, Siedzenia kompletne > Naklejki > Komplety naklejek"
"Układ paliwowy > Korki wlewu paliwa","Palivový systém > Korki wlewu paliwa"
"Nadwozie > Osłony i gmole","Karoséria a rám > Osłony i gmole"
"Układ paliwowy > Zestawy naprawcze i części gaźników > Membrany i części przepustnicy","Palivový systém > Zestawy naprawcze i części gaźników > Membrany i części przepustnicy"
"Silnik > Korbowody > Motocykle 4T > Suzuki","Motor > Korbowody > Motocykle 4T > Suzuki"
"Układ paliwowy > Zestawy naprawcze i części gaźników > Pozostałe","Palivový systém > Zestawy naprawcze i części gaźników > Ostatné"
"Układ elektryczny > Lampy przód > Wzór oryginalny > Kawasaki","Elektroinštalácia > Lampy przód > Wzór oryginalny > Kawasaki"
"Układ elektryczny > Cewka statora","Elektroinštalácia > Cewka statora"
"Układ hamulcowy > Przewody hamulcowe > Przewody skręcane homologowane > Inne części","Brzdový systém > Brzdové hadice > Homologované opletené brzdové hadice > Ostatné diely"
"Silnik > Cylindry > Zestawy cylindrowe > Zestawy Big Bore > Yamaha","Motor > Cylindry > Zestawy cylindrowe > Zestawy Big Bore > Yamaha"
"Układ napędowy > Łańcuchy napędowe > 530 > Bez uszczelnień","Pohon > Łańcuchy napędowe > 530 > Bez uszczelnień"
"Silnik > Uszczelki i uszczelniacze > Uszczelniacze zaworowe","Motor > Uszczelki i uszczelniacze > Uszczelniacze zaworowe"
"Nadwozie > Linki > Zestawy naprawcze","Karoséria a rám > Linki > Zestawy naprawcze"
"Nadwozie > Okleiny, Gąbki, Poszycia, Siedzenia kompletne > Naklejki > Naklejki i pianki ochronne","Karoséria a rám > Okleiny, Gąbki, Poszycia, Siedzenia kompletne > Naklejki > Naklejki i pianki ochronne"
"Silnik > Łożyska wału korbowego > 4T > Komplet łożysk > Honda","Motor > Łożyska wału korbowego > 4T > Komplet łożysk > Honda"
"Nadwozie > Szyby > Szyby szosa > enduro","Karoséria a rám > Szyby > Szyby szosa > enduro"
"Układ hamulcowy > Pompa hamulcowa > Czujniki stop","Brzdový systém > Hlavný brzdový valec > Spínače brzdového svetla"
"Układ hamulcowy > Zaciski hamulcowe > Pozostałe","Brzdový systém > Brzdové strmene > Ostatné"
"Układ elektryczny > Przekaźniki i wyłączniki","Elektroinštalácia > Przekaźniki i wyłączniki"
"Układ elektryczny > Akumulatory > 6V > Bezobsługowe","Elektroinštalácia > Akumulatory > 6V > Bezobsługowe"
"Układ paliwowy > Zestawy naprawcze i części gaźników","Palivový systém > Zestawy naprawcze i części gaźników"
"Nadwozie > Linki > Linki ssania","Karoséria a rám > Linki > Linki ssania"
"Opony > Trial","Pneumatiky > Trialové pneumatiky"
"Silnik > Zawory > Zestawy zaworów wydechowych (stalowych) i sprężyn > Honda","Motor > Zawory > Zestawy zaworów wydechowych (stalowych) i sprężyn > Honda"
"Silnik > Zawory > Zestawy zaworów wydechowych (stalowych) i sprężyn > Yamaha","Motor > Zawory > Zestawy zaworów wydechowych (stalowych) i sprężyn > Yamaha"
"Układ elektryczny > Czujniki > Czujnik położenia wału","Elektroinštalácia > Czujniki > Czujnik położenia wału"
"Odzież i ochraniacze > Odzież szosowa > Rękawice motocyklowe > Rękawice całoroczne","Oblečenie a ochranné vybavenie > Cestné moto oblečenie > Moto rukavice > Celoročné rukavice"
"Dętki, Tubliss, mousse > Dętki > 8","Duše, Tubliss a mousse > Duše > 8"
"Dętki, Tubliss, mousse > Dętki > 13","Duše, Tubliss a mousse > Duše > 13"
"Silnik > Korbowody > Motocykle 2T > Husqvarna","Motor > Korbowody > Motocykle 2T > Husqvarna"
"Warsztat i sklep > Transport","Dielňa a predajňa > Transport"
"Silnik > Tłoki-Pierścienie-Sworznie > Tłoki do silników 4T > Komplety tłoków do silników 4T","Motor > Tłoki-Pierścienie-Sworznie > Tłoki do silników 4T > Komplety tłoków do silników 4T"
"Silnik > Uszczelki i uszczelniacze > Komplet uszczelek top end","Motor > Uszczelki i uszczelniacze > Komplet uszczelek top end"
"Oleje i chemia > Oleje hydrauliczne","Oleje a chémia > Oleje hydrauliczne"
"Silnik > Cylindry > Cylindry > Cylindry Big Bore > Honda","Motor > Cylindry > Cylindry > Cylindry Big Bore > Honda"
"Silnik > Zawory > Zawory ssące > Can Am","Motor > Zawory > Zawory ssące > Can Am"
"Nadwozie > Kierownice i osprzęt > Podwyżki kierownicy > Dół 22mm > Góra 22mm","Karoséria a rám > Kierownice i osprzęt > Podwyżki kierownicy > Dół 22mm > Góra 22mm"
"Nadwozie > Kierownice i osprzęt > Podwyżki kierownicy > Dół 28mm > Góra 28mm","Karoséria a rám > Kierownice i osprzęt > Podwyżki kierownicy > Dół 28mm > Góra 28mm"
"Silnik > Łożyska wału korbowego > 2T > Komplet łożysk > Honda","Motor > Łożyska wału korbowego > 2T > Komplet łożysk > Honda"
"Silnik > Łożyska wału korbowego > 2T > Komplet łożysk > Kawasaki","Motor > Łożyska wału korbowego > 2T > Komplet łożysk > Kawasaki"
"Silnik > Łożyska wału korbowego > 4T > Komplet łożysk > Suzuki","Motor > Łożyska wału korbowego > 4T > Komplet łożysk > Suzuki"
"Silnik > Głowice","Motor > Głowice"
"Nadwozie > Okleiny, Gąbki, Poszycia, Siedzenia kompletne > Naklejki > Naklejki na teleskopy","Karoséria a rám > Okleiny, Gąbki, Poszycia, Siedzenia kompletne > Naklejki > Naklejki na teleskopy"
"Silnik > Rozrząd > Wałki rozrządu","Motor > Rozrząd > Wałki rozrządu"
"Układ elektryczny > Kierunkowskazy > Kierunkowskazy wzór oryginalny > Kawasaki","Elektroinštalácia > Kierunkowskazy > Kierunkowskazy wzór oryginalny > Kawasaki"
"Układ hamulcowy > Adaptery tarcz hamulcowych > 270mm","Brzdový systém > Adaptéry brzdových kotúčov > 270 mm"
"Silnik > Uszczelki i uszczelniacze > Pojedyncze uszczelki > Uszczelki pokrywy przekładni","Motor > Uszczelki i uszczelniacze > Pojedyncze uszczelki > Uszczelki pokrywy przekładni"
"Układ hamulcowy > Tarcze hamulcowe > Pozostałe","Brzdový systém > Brzdové kotúče > Ostatné"
"Nadwozie > Rolgazy i manetki > Manetki > Skuter","Karoséria a rám > Rolgazy i manetki > Manetki > Skútrové pneumatiky"
"Zawieszenie i układ kierowniczy > Tył > Zestawy naprawcze amortyzatora centralnego","Odpruženie a riadenie > Zadné > Zestawy naprawcze amortyzatora centralnego"
"Silnik > Zawory > Sprężyny zaworowe > KTM","Motor > Zawory > Sprężyny zaworowe > KTM"
"Nadwozie > Plastiki > Osłona pompy wody","Karoséria a rám > Plastiki > Osłona pompy wody"
"Silnik > Układ wydechowy > Części zaworu wydechowego","Motor > Układ wydechowy > Części zaworu wydechowego"
"Nadwozie > Linki > Linki zmiany biegów","Karoséria a rám > Linki > Linki zmiany biegów"
"Układ elektryczny > Czujniki > Czujnik położenia przepustnicy (TPS)","Elektroinštalácia > Czujniki > Czujnik położenia przepustnicy (TPS)"
"Silnik > Zawory > Zestawy zaworów ssących (stalowych) i sprężyn > Yamaha","Motor > Zawory > Zestawy zaworów ssących (stalowych) i sprężyn > Yamaha"
"Silnik > Zawory > Zestawy zaworów ssących (stalowych) i sprężyn > Suzuki","Motor > Zawory > Zestawy zaworów ssących (stalowych) i sprężyn > Suzuki"
"Układ elektryczny > Czujniki > Czujnik spalin (sonda)","Elektroinštalácia > Czujniki > Czujnik spalin (sonda)"
"Nadwozie > Kierownice i osprzęt","Karoséria a rám > Kierownice i osprzęt"
"Układ elektryczny > Lampy przód > Uniwersalne > Motocykle szosowe","Elektroinštalácia > Lampy przód > Uniwersalne > Motocykle szosowe"
"Zawieszenie i układ kierowniczy > Przód > Rury teleskopów + Golenie amortyzatorów > Rury nośne teleskopów stalowe","Odpruženie a riadenie > Predné > Rury teleskopów + Golenie amortyzatorów > Rury nośne teleskopów stalowe"
"Warsztat i sklep > Serwis kół i ogumienia","Dielňa a predajňa > Serwis kół i ogumienia"
"Zawieszenie i układ kierowniczy > Przód > Uszczelniacze zawieszenia","Odpruženie a riadenie > Predné > Uszczelniacze zawieszenia"
"Warsztat i sklep > Narzędzia pozostałe","Dielňa a predajňa > Narzędzia pozostałe"
"Układ napędowy > Wały napędowe > Podpory wału","Pohon > Wały napędowe > Podpory wału"
"Silnik > Zawory > Zawory ssące > KTM","Motor > Zawory > Zawory ssące > KTM"
"Silnik > Zawory > Zawory wydechowe > Arctic Cat","Motor > Zawory > Zawory wydechowe > Arctic Cat"
"Silnik > Łożyska wału korbowego > 4T > Komplet łożysk > Kawasaki","Motor > Łożyska wału korbowego > 4T > Komplet łożysk > Kawasaki"
"Silnik > Łożyska wału korbowego > 2T > Komplet łożysk > Yamaha","Motor > Łożyska wału korbowego > 2T > Komplet łożysk > Yamaha"
"Silnik > Sprzęgło > Popychacze sprzęgła","Motor > Sprzęgło > Popychacze sprzęgła"
"Nadwozie > Osłony i gmole > Crashpady","Karoséria a rám > Osłony i gmole > Crashpady"
"Układ elektryczny > Układ zapłonowy","Elektroinštalácia > Układ zapłonowy"
"Nadwozie > Okleiny, Gąbki, Poszycia, Siedzenia kompletne > Gąbki siedzeń","Karoséria a rám > Okleiny, Gąbki, Poszycia, Siedzenia kompletne > Gąbki siedzeń"
"Odzież i ochraniacze > Odzież termoaktywna > Odzież podgrzewana","Oblečenie a ochranné vybavenie > Funkčné oblečenie > Vyhrievané oblečenie"
"Nadwozie > Kierownice i osprzęt > Kierownice stalowe > 25mm","Karoséria a rám > Kierownice i osprzęt > Kierownice stalowe > 25mm"
"Nadwozie > Plastiki > Plastiki do weteranów","Karoséria a rám > Plastiki > Plastiki do weteranów"
"Nadwozie > Pługi do ATV","Karoséria a rám > Pługi do ATV"
"Silnik > Rozrząd > Napinacze łańcuchów rozrzadu","Motor > Rozrząd > Napinacze łańcuchów rozrzadu"
"Nadwozie > Plastiki > Osłona zebatki przedniej","Karoséria a rám > Plastiki > Osłona zebatki przedniej"
"Oleje i chemia > Oleje silnikowe 2T > Skutery śnieżne","Oleje a chémia > Oleje silnikowe 2T > Snežné skútre"
"Oleje i chemia > Oleje silnikowe 2T > Skutery wodne i łodzie motorowe","Oleje a chémia > Oleje silnikowe 2T > Skutery wodne i łodzie motorowe"
"Układ elektryczny > Żarówki i bezpieczniki > Bezpieczniki > Pozostałe","Elektroinštalácia > Żarówki i bezpieczniki > Bezpieczniki > Ostatné"
"Silnik > Tłoki-Pierścienie-Sworznie > Skutery wodne","Motor > Tłoki-Pierścienie-Sworznie > Vodné skútre"
"Nadwozie > Rolgazy i manetki","Karoséria a rám > Rolgazy i manetki"
"Odzież i ochraniacze > Odzież szosowa > Kurtki motocyklowe > Kurtki skórzane","Oblečenie a ochranné vybavenie > Cestné moto oblečenie > Moto bundy > Kožené bundy"
"Zawieszenie i układ kierowniczy > Przód > Sprężyny zawieszenia","Odpruženie a riadenie > Predné > Sprężyny zawieszenia"
"Silnik > Cylindry > Cylindry > Cylindry standard > Polaris","Motor > Cylindry > Cylindry > Cylindry standard > Polaris"
"Silnik > Zawory > Zestawy zaworów ssących (stalowych) i sprężyn > Kawasaki","Motor > Zawory > Zestawy zaworów ssących (stalowych) i sprężyn > Kawasaki"
"Silnik > Zawory > Zestawy zaworów wydechowych (stalowych) i sprężyn > KTM","Motor > Zawory > Zestawy zaworów wydechowych (stalowych) i sprężyn > KTM"
"Dętki, Tubliss, mousse > Dętki > 11","Duše, Tubliss a mousse > Duše > 11"
"Dętki, Tubliss, mousse > Dętki > 20","Duše, Tubliss a mousse > Duše > 20"
"Silnik > Tłoki-Pierścienie-Sworznie > Tłoki do silników 2T > tłoki z uszczelkami top end","Motor > Tłoki-Pierścienie-Sworznie > Tłoki do silników 2T > tłoki z uszczelkami top end"
"Nadwozie > Okleiny, Gąbki, Poszycia, Siedzenia kompletne > Siedzenia kompletne","Karoséria a rám > Okleiny, Gąbki, Poszycia, Siedzenia kompletne > Siedzenia kompletne"
"Odzież i ochraniacze > Odzież codzienna > Kamizelki","Oblečenie a ochranné vybavenie > Voľnočasové oblečenie > Vesty"
"Nadwozie > Rolgazy i manetki > Manetki > Skutery wodne > śnieżne","Karoséria a rám > Rolgazy i manetki > Manetki > Vodné skútre > śnieżne"
"Silnik > Korbowody > Motocykle 2T > Cagiva","Motor > Korbowody > Motocykle 2T > Cagiva"
"Nadwozie > Okleiny, Gąbki, Poszycia, Siedzenia kompletne > Naklejki > Naklejka na górną półkę","Karoséria a rám > Okleiny, Gąbki, Poszycia, Siedzenia kompletne > Naklejki > Naklejka na górną półkę"
"Układ elektryczny > Kierunkowskazy > Kierunkowskazy wzór oryginalny > KTM","Elektroinštalácia > Kierunkowskazy > Kierunkowskazy wzór oryginalny > KTM"
"Układ elektryczny > Żarówki i bezpieczniki > Żarówki","Elektroinštalácia > Żarówki i bezpieczniki > Żarówki"
"Zawieszenie i układ kierowniczy > Przód > Osłony teleskopów > Skarpety na lagi","Odpruženie a riadenie > Predné > Osłony teleskopów > Skarpety na lagi"
"Układ napędowy > Łańcuchy napędowe > 420","Pohon > Łańcuchy napędowe > 420"
"Nadwozie > Dźwignie sprzęgła i hamulca > Dźwignie hamulca","Karoséria a rám > Dźwignie sprzęgła i hamulca > Dźwignie hamulca"
"Układ elektryczny > Lampy tył > Uniwersalne > Motocykle enduro","Elektroinštalácia > Lampy tył > Uniwersalne > Motocykle enduro"
"Układ elektryczny > Żarówki i bezpieczniki","Elektroinštalácia > Żarówki i bezpieczniki"
"Zawieszenie i układ kierowniczy","Odpruženie a riadenie"
"Silnik > Zawory > Zawory wydechowe > Can Am","Motor > Zawory > Zawory wydechowe > Can Am"
"Silnik > Zawory > Zawory ssące > Arctic Cat","Motor > Zawory > Zawory ssące > Arctic Cat"
"Nadwozie > Dźwignie sprzęgła i hamulca > Zbiornik płynu sprzęgłowego","Karoséria a rám > Dźwignie sprzęgła i hamulca > Zbiornik płynu sprzęgłowego"
"Silnik > Łożyska wału korbowego > 4T > Komplet łożysk > Yamaha","Motor > Łożyska wału korbowego > 4T > Komplet łożysk > Yamaha"
"Nadwozie > Kierownice i osprzęt > Kierownice dwuczęściowe","Karoséria a rám > Kierownice i osprzęt > Kierownice dwuczęściowe"
"Silnik > Sprzęgło > Siłowniki sprzęgła","Motor > Sprzęgło > Siłowniki sprzęgła"
"Nadwozie > Lusterka","Karoséria a rám > Lusterka"
"Silnik > Korbowody > Skuter","Motor > Korbowody > Skútrové pneumatiky"
"Układ paliwowy > Gaźniki","Palivový systém > Gaźniki"
"Silnik > Cylindry > Cylindry > Cylindry Big Bore","Motor > Cylindry > Cylindry > Cylindry Big Bore"
"Układ elektryczny > Czujniki > Czujnik ciśnienia oleju","Elektroinštalácia > Czujniki > Czujnik ciśnienia oleju"
"Odzież i ochraniacze > Odzież szosowa > Spodnie motocyklowe > Spodnie skórzane","Oblečenie a ochranné vybavenie > Cestné moto oblečenie > Moto nohavice > Kožené nohavice"
"Układ hamulcowy > Zaciski hamulcowe > Odpowietrzniki","Brzdový systém > Brzdové strmene > Odvzdušňovacie ventily"
"Nadwozie > Okleiny, Gąbki, Poszycia, Siedzenia kompletne > Naklejki","Karoséria a rám > Okleiny, Gąbki, Poszycia, Siedzenia kompletne > Naklejki"
"Silnik > Łożyska wału korbowego > 4T > Pojedyńcze > Honda","Motor > Łożyska wału korbowego > 4T > Pojedyńcze > Honda"
"Układ elektryczny > Wentylatory","Elektroinštalácia > Wentylatory"
"Odzież i ochraniacze > Odzież offroad","Oblečenie a ochranné vybavenie > Off-road oblečenie"
"Silnik > Uszczelki i uszczelniacze > Komplet uszczelek skrzyni biegów","Motor > Uszczelki i uszczelniacze > Komplet uszczelek skrzyni biegów"
"Zawieszenie i układ kierowniczy > Przód > Sprężyny zawieszenia > Progresywne","Odpruženie a riadenie > Predné > Sprężyny zawieszenia > Progresywne"
"Nadwozie > Dźwignie sprzęgła i hamulca > Zbiornik płynu hamulcowego","Karoséria a rám > Dźwignie sprzęgła i hamulca > Zbiornik płynu hamulcowego"
"Układ elektryczny > Czujniki > Czujnik cisnienia opon","Elektroinštalácia > Czujniki > Czujnik cisnienia opon"
"Silnik > Zawory > Zestawy zaworów wydechowych (stalowych) i sprężyn > Kawasaki","Motor > Zawory > Zestawy zaworów wydechowych (stalowych) i sprężyn > Kawasaki"
"Układ napędowy > Sprzęgła odśrodkowe","Pohon > Sprzęgła odśrodkowe"
"Nadwozie > Plastiki > Korek zbiornik paliwa","Karoséria a rám > Plastiki > Korek zbiornik paliwa"
"Układ paliwowy > Baki","Palivový systém > Baki"
"Zawieszenie i układ kierowniczy > Tył > Sprężyny amortyzatora centralnego","Odpruženie a riadenie > Zadné > Sprężyny amortyzatora centralnego"
"Nadwozie > Rolgazy i manetki > Manetki","Karoséria a rám > Rolgazy i manetki > Manetki"
"Silnik > Cylindry > Cylindry > Cylindry Big Bore > Yamaha","Motor > Cylindry > Cylindry > Cylindry Big Bore > Yamaha"
"Silnik > Zawory > Zestawy zaworów ssących (stalowych) i sprężyn > KTM","Motor > Zawory > Zestawy zaworów ssących (stalowych) i sprężyn > KTM"
"Silnik > Sprzęgło","Motor > Sprzęgło"
"Zawieszenie i układ kierowniczy > Tył","Odpruženie a riadenie > Zadné"
"Bagaż > Torby pozostałe, na siedzenie, wałki i plecaki","Batožina > Torby pozostałe, na siedzenie, wałki i plecaki"
"Silnik > Cylindry > Zestawy cylindrowe > Zestawy Big Bore > Honda","Motor > Cylindry > Zestawy cylindrowe > Zestawy Big Bore > Honda"
"Nadwozie > Okleiny, Gąbki, Poszycia, Siedzenia kompletne > Naklejki > Naklejka na korek wlewu","Karoséria a rám > Okleiny, Gąbki, Poszycia, Siedzenia kompletne > Naklejki > Naklejka na korek wlewu"
"Układ chłodzenia > Komplety naprawcze pompy wody","Chladenie > Komplety naprawcze pompy wody"
"Układ chłodzenia > Wałki i wirniki pompy wody","Chladenie > Wałki i wirniki pompy wody"
"Felgi i szprychy > Szprychy","Ráfiky a špice > Szprychy"
"Układ napędowy > Zębatki tył","Pohon > Zębatki tył"
"Silnik > Cylindry > Zestawy cylindrowe > Zestawy Big Bore > Suzuki","Motor > Cylindry > Zestawy cylindrowe > Zestawy Big Bore > Suzuki"
"Nadwozie > Podnóżki","Karoséria a rám > Podnóżki"
"Układ paliwowy > Środki czyszczące","Palivový systém > Środki czyszczące"
"Nadwozie > Plastiki > Osłona filtra powietrza","Karoséria a rám > Plastiki > Osłona filtra powietrza"
"Układ elektryczny > Lampy tył > Wzór oryginalny > Yamaha","Elektroinštalácia > Lampy tył > Wzór oryginalny > Yamaha"
"Silnik > Łożyska wału korbowego > 2T > Komplet łożysk > Suzuki","Motor > Łożyska wału korbowego > 2T > Komplet łożysk > Suzuki"
"Silnik > Łożyska wału korbowego > 4T > Komplet łożysk > Sherco","Motor > Łożyska wału korbowego > 4T > Komplet łożysk > Sherco"
"Silnik > Układ wydechowy","Motor > Układ wydechowy"
"Układ elektryczny > Lampy tył","Elektroinštalácia > Lampy tył"
"Zawieszenie i układ kierowniczy > Przód > Rury teleskopów + Golenie amortyzatorów > Rury (golenie) amortyzatorów aluminiowe","Odpruženie a riadenie > Predné > Rury teleskopów + Golenie amortyzatorów > Rury (golenie) amortyzatorów aluminiowe"
"Silnik > Łożyska wału korbowego > 4T > Pojedyńcze > Yamaha","Motor > Łożyska wału korbowego > 4T > Pojedyńcze > Yamaha"
"Układ hamulcowy > Przewody hamulcowe > Gotowe komplety","Brzdový systém > Brzdové hadice > Kompletné sady"
"Układ elektryczny > Akumulatory > 12V > SUCHE (ELEKTROLIT OSOBNO)","Elektroinštalácia > Akumulatory > 12V > SUCHE (ELEKTROLIT OSOBNO)"
"Silnik > Sprzęgło > Hydrauliczne przewody sprzęgłowe","Motor > Sprzęgło > Hydrauliczne przewody sprzęgłowe"
"Silnik > Korbowody > Motocykle 4T > Husqvarna","Motor > Korbowody > Motocykle 4T > Husqvarna"
"Filtry > Gąbki filtrów powietrza","Filtre > Gąbki filtrów powietrza"
"Układ elektryczny > Świece i fajki > Fajkocewki","Elektroinštalácia > Świece i fajki > Fajkocewki"
"Silnik > Uszczelki i uszczelniacze > Komplet uszczelek na dół silnika","Motor > Uszczelki i uszczelniacze > Komplet uszczelek na dół silnika"
"Silnik > Łożyska wału korbowego > 2T","Motor > Łożyska wału korbowego > 2T"
"Układ hamulcowy > Narzędzia","Brzdový systém > Náradie"
"Silnik > Sprzęgło > Łańcuszki sprzęgłowe","Motor > Sprzęgło > Łańcuszki sprzęgłowe"
"Silnik > Cylindry > Zestawy cylindrowe > Zestawy Big Bore","Motor > Cylindry > Zestawy cylindrowe > Zestawy Big Bore"
"Układ hamulcowy > Tarcze hamulcowe","Brzdový systém > Brzdové kotúče"
"Nadwozie > Plastiki > Osłona zbiornika paliwa","Karoséria a rám > Plastiki > Osłona zbiornika paliwa"
"Dętki, Tubliss, mousse > Dętki > 23","Duše, Tubliss a mousse > Duše > 23"
"Silnik > Tłoki-Pierścienie-Sworznie > Skutery śnieżne","Motor > Tłoki-Pierścienie-Sworznie > Snežné skútre"
"Silnik > Rozrząd > Paski rozrządu","Motor > Rozrząd > Paski rozrządu"
"Układ elektryczny > Akumulatory","Elektroinštalácia > Akumulatory"
"Nadwozie","Karoséria a rám"
"Nadwozie > Dźwignie sprzęgła i hamulca > Dźwignie uniwersalne","Karoséria a rám > Dźwignie sprzęgła i hamulca > Dźwignie uniwersalne"
"Nadwozie > Linki > Linki dekompresatora","Karoséria a rám > Linki > Linki dekompresatora"
"Układ elektryczny","Elektroinštalácia"
"Dętki, Tubliss, mousse > Dętki > 9","Duše, Tubliss a mousse > Duše > 9"
"Oleje i chemia > Oleje silnikowe 4T > Sporty wodne","Oleje a chémia > Oleje silnikowe 4T > Sporty wodne"
"Nadwozie > Kierownice i osprzęt > Podwyżki kierownicy","Karoséria a rám > Kierownice i osprzęt > Podwyżki kierownicy"
"Układ elektryczny > Lampy tył > Wzór oryginalny > Suzuki","Elektroinštalácia > Lampy tył > Wzór oryginalny > Suzuki"
"Układ hamulcowy > Adaptery tarcz hamulcowych > 320mm","Brzdový systém > Adaptéry brzdových kotúčov > 320 mm"
"Silnik > Cylindry > Cylindry > Cylindry Big Bore > Kawasaki","Motor > Cylindry > Cylindry > Cylindry Big Bore > Kawasaki"
"Silnik > Zawory > Zestawy zaworów wydechowych (stalowych) i sprężyn > Suzuki","Motor > Zawory > Zestawy zaworów wydechowych (stalowych) i sprężyn > Suzuki"
"Zawieszenie i układ kierowniczy > Przód > Drążki kierownicze","Odpruženie a riadenie > Predné > Drążki kierownicze"
"Oleje i chemia","Oleje a chémia"
"Silnik > Cylindry > Zestawy cylindrowe > Zestawy standard > Suzuki","Motor > Cylindry > Zestawy cylindrowe > Zestawy standard > Suzuki"
"Silnik > Układ wydechowy > Kompletne układy","Motor > Układ wydechowy > Kompletne układy"
"Dętki, Tubliss, mousse > Dętki > 5","Duše, Tubliss a mousse > Duše > 5"
"Silnik","Motor"
"Odzież i ochraniacze > Odzież szosowa > Rękawice motocyklowe","Oblečenie a ochranné vybavenie > Cestné moto oblečenie > Moto rukavice"
"Układ elektryczny > Mierniki","Elektroinštalácia > Mierniki"
"Silnik > Zawory","Motor > Zawory"
"Nadwozie > Dźwignie zmiany biegów","Karoséria a rám > Dźwignie zmiany biegów"
"Oleje i chemia > Oleje silnikowe 4T > Skutery śnieżne","Oleje a chémia > Oleje silnikowe 4T > Snežné skútre"
"Nadwozie > Plastiki > Boczki środkowe","Karoséria a rám > Plastiki > Boczki środkowe"
"Układ paliwowy > Uszczelki Kraników","Palivový systém > Uszczelki Kraników"
"Zawieszenie i układ kierowniczy > Przód > Sprężyny zawieszenia > Progresywne > Wysokość standard","Odpruženie a riadenie > Predné > Sprężyny zawieszenia > Progresywne > Wysokość standard"
"Silnik > Cylindry > Zestawy cylindrowe > Zestawy Big Bore > Polaris","Motor > Cylindry > Zestawy cylindrowe > Zestawy Big Bore > Polaris"
"Odzież i ochraniacze > Odzież termoaktywna > Nakolanniki - Ochraniacze kolan","Oblečenie a ochranné vybavenie > Funkčné oblečenie > Nakolanniki - Ochraniacze kolan"
"Odzież i ochraniacze > Ochraniacze","Oblečenie a ochranné vybavenie > Chrániče"
"Zawieszenie i układ kierowniczy > Przód > Sprężyny zawieszenia > Zestaw tuningowy","Odpruženie a riadenie > Predné > Sprężyny zawieszenia > Zestaw tuningowy"
